PLATECODE	FIRSTLEVEL	SECLEVEL	THREELEVEL	FIRSTNAME	SECNAME	THREENAME	BASEPERIOD	MKTVAL	FLOWOFEQUITY	YSDCLOSEPRICE	RECTIME
B00004	S	S11	S1102	申银万国行业分类	农林牧渔	渔业	407752325288100	440345950004600	3804925417	9959733	20120321171329
B00007	S	S11	S1103	申银万国行业分类	农林牧渔	林业	251120025266600	250190675446600	1587003245	9971876	20120321171329
B00009	S	S11	S1104	申银万国行业分类	农林牧渔	饲料	1383848480094700	1366337101122900	8668476228	9872013	20120321171329
B00011	S	S11	S1105	申银万国行业分类	农林牧渔	农产品加工	1087290981153400	1071668617354500	7904683181	9870804	20120321171329
B00015	S	S11	S1106	申银万国行业分类	农林牧渔	农业综合	67997673424000	69157929633600	532876088	10121336	20120321171329
B00017	S	S11	S1107	申银万国行业分类	农林牧渔	畜禽养殖	1015619522574700	993383173973200	5716501792	9775249	20120321171329
B00019	S	S11	S1108	申银万国行业分类	农林牧渔	动物保健	498876137659800	489520299666200	2614324086	9811497	20120321171329
B00021	S	S21	S2101	申银万国行业分类	采掘	石油开采	12511856719658000	12526151932269000	163502907127	10011425	20120321171329
B00023	S	S21	S2102	申银万国行业分类	采掘	煤炭开采	6550575159736300	6702901908501400	81164771986	10233083	20120321171329
B00026	S	S21	S2103	申银万国行业分类	采掘	其他采掘	659034713825000	665501455692900	8887374683	10128510	20120321171329
B00028	S	S21	S2104	申银万国行业分类	采掘	采掘服务	1102115978239800	1107911420915800	10883743463	10063795	20120321171329
B00031	S	S22	S2201	申银万国行业分类	化工	石油化工	5945802015116700	5941063583826800	109728387242	9992985	20120321171329
B00034	S	S22	S2202	申银万国行业分类	化工	化学原料	1656344804954000	1677076430426300	19638488370	10136243	20120321171329
B00039	S	S22	S2203	申银万国行业分类	化工	化学制品	9251647326116900	9165777329839600	68730788424	9904325	20120321171329
B00054	S	S22	S2204	申银万国行业分类	化工	化学纤维	2259448607298200	2260920069160000	21172211800	10020685	20120321171329
B00060	S	S22	S2205	申银万国行业分类	化工	塑料	1729002716058900	1717326010159000	10751595581	9908470	20120321171329
B00064	S	S22	S2206	申银万国行业分类	化工	橡胶	748070140973900	746691192693600	5947966661	9985285	20120321171329
B00068	S	S23	S2301	申银万国行业分类	钢铁	钢铁	5179451933461000	5223741587529600	119071841307	10082697	20120321171329
B00071	S	S24	S2402	申银万国行业分类	有色金属	金属非金属新材料	1653404270306000	1622194538993200	12350021323	9834303	20120321171329
B00075	S	S24	S2403	申银万国行业分类	有色金属	工业金属	4319589361667800	4304158062711500	58466254285	9978802	20120321171329
B00079	S	S24	S2404	申银万国行业分类	有色金属	黄金	2071363604764800	2080774179255500	25862978341	10037656	20120321171329
B00081	S	S24	S2405	申银万国行业分类	有色金属	稀有金属	3006049406479000	2953619607160500	29646373180	9842963	20120321171329
B00086	S	S27	S2701	申银万国行业分类	电子	半导体	1927132626158600	1897923547069900	11946084192	9886060	20120321171329
B00090	S	S27	S2702	申银万国行业分类	电子	元件	1628253933857100	1622791301486000	11103292717	9962300	20120321171329
B00093	S	S27	S2703	申银万国行业分类	电子	光学光电子	3824102967394600	3781788782087900	46327707329	9926802	20120321171329
B00097	S	S27	S2704	申银万国行业分类	电子	其他电子	1823503986167500	1803219863782300	10917956329	9902870	20120321171329
B00099	S	S27	S2705	申银万国行业分类	电子	电子制造	2965096867609300	2925270085853100	13247244574	9869263	20120321171329
B00102	S	S28	S2801	申银万国行业分类	汽车	汽车整车	6618385745706500	6581753888703600	43940412146	9934716	20120321171329
B00106	S	S28	S2802	申银万国行业分类	汽车	汽车零部件	5780135292224500	5741886098078800	32338626657	9964845	20120321171329
B00108	S	S28	S2803	申银万国行业分类	汽车	汽车服务	821311634068300	814872910517100	12084126810	9949286	20120321171329
B00110	S	S28	S2804	申银万国行业分类	汽车	其他交运设备	397876645133300	393223861168400	3017997763	9910686	20120321171329
B00112	S	S33	S3301	申银万国行业分类	家用电器	白色家电	4954318909905500	4939976518734400	28908026300	9981969	20120321171329
B00118	S	S33	S3302	申银万国行业分类	家用电器	视听器材	1407806652547500	1396689257761900	20940905035	9931399	20120321171329
B00121	S	S34	S3403	申银万国行业分类	食品饮料	饮料制造	7754862837996900	7759238847932800	25756709955	10010073	20120321171329
B00128	S	S34	S3404	申银万国行业分类	食品饮料	食品加工	3369985143844800	3354356088412700	25172043911	9962536	20120321171329
B00133	S	S35	S3501	申银万国行业分类	纺织服装	纺织制造	2145886063393800	2136754636121200	18423057661	9967265	20120321171329
B00140	S	S35	S3502	申银万国行业分类	纺织服装	服装家纺	3330200316521100	3316794862726800	23969752383	9968271	20120321171329
B00147	S	S36	S3601	申银万国行业分类	轻工制造	造纸	1299722963597300	1294019813711300	17476616599	9946821	20120321171329
B00149	S	S36	S3602	申银万国行业分类	轻工制造	包装印刷	1556488609404000	1546773577737300	11546323565	9921562	20120321171329
B00151	S	S36	S3603	申银万国行业分类	轻工制造	家用轻工	2533794902303500	2529153558135300	17182216924	10009761	20120321171329
B00156	S	S36	S3604	申银万国行业分类	轻工制造	其他轻工制造	30413920000000	29711520000000	35120000	9780346	20120321171329
B00158	S	S37	S3701	申银万国行业分类	医药生物	化学制药	6321673842182800	6242213992716900	32342460788	9875461	20120321171329
B00161	S	S37	S3702	申银万国行业分类	医药生物	中药	6713501378510500	6657164899760800	35221282530	9908768	20120321171329
B00163	S	S37	S3703	申银万国行业分类	医药生物	生物制品	3687684448330900	3677441633154900	14170386972	9911767	20120321171329
B00165	S	S37	S3704	申银万国行业分类	医药生物	医药商业	1893414930160900	1874121619517900	7880168402	9911738	20120321171329
B00167	S	S37	S3705	申银万国行业分类	医药生物	医疗器械	1478651960377500	1472459538176000	5622776412	9920009	20120321171329
B00169	S	S37	S3706	申银万国行业分类	医药生物	医疗服务	959803479036700	959410784096700	3844617860	9971748	20120321171329
B00171	S	S41	S4101	申银万国行业分类	公用事业	电力	9195660086014400	9141221717459000	136969263495	9943055	20120321171329
B00177	S	S41	S4102	申银万国行业分类	公用事业	水务	1526583086779700	1516057692511600	17119660574	9932299	20120321171329
B00179	S	S41	S4103	申银万国行业分类	公用事业	燃气	593842163181500	592061813588600	5417581171	9996129	20120321171329
B00181	S	S41	S4104	申银万国行业分类	公用事业	环保工程及服务	2435881556873900	2419905353447700	12429749442	9943215	20120321171329
B00183	S	S42	S4201	申银万国行业分类	交通运输	港口	3585324507250500	3571158832609900	60306159647	9961753	20120321171329
B00185	S	S42	S4202	申银万国行业分类	交通运输	高速公路	1921483028617000	1907813350184500	30427412174	9934954	20120321171329
B00187	S	S42	S4203	申银万国行业分类	交通运输	公交	590162977711900	592519401085100	3645379133	10042902	20120321171329
B00189	S	S42	S4204	申银万国行业分类	交通运输	航空运输	2120409271857200	2092516409679600	36081066108	9866199	20120321171329
B00191	S	S42	S4205	申银万国行业分类	交通运输	机场	692701741559600	691762300594200	4592055906	9986438	20120321171329
B00193	S	S42	S4206	申银万国行业分类	交通运输	航运	1973636142324100	1996352879851800	30561863351	10123761	20120321171329
B00195	S	S42	S4207	申银万国行业分类	交通运输	铁路运输	1354678142632200	1332777202095200	21824550365	9838331	20120321171329
B00197	S	S42	S4208	申银万国行业分类	交通运输	物流	2127022242700400	2121832647022000	14985934892	9956531	20120321171329
B00199	S	S43	S4301	申银万国行业分类	房地产	房地产开发	17471074414949700	17379748510193900	172313228579	9955278	20120321171329
B00201	S	S43	S4302	申银万国行业分类	房地产	园区开发	1551685161357800	1538176865149300	7153334051	9912944	20120321171329
B00203	S	S45	S4502	申银万国行业分类	商业贸易	贸易	1609944776838000	1611141943892800	10502137566	10018401	20120321171329
B00205	S	S45	S4503	申银万国行业分类	商业贸易	一般零售	3345193277532400	3331623096115600	27726798709	9970211	20120321171329
B00209	S	S45	S4504	申银万国行业分类	商业贸易	专业零售	1499684663419400	1478817614713500	10778331024	9834094	20120321171329
B00211	S	S45	S4505	申银万国行业分类	商业贸易	商业物业经营	1501042000224600	1485591646259800	16423668032	9871035	20120321171329
B00214	S	S46	S4601	申银万国行业分类	休闲服务	景点	542999661029200	534680926154800	2529259343	9910586	20120321171329
B00217	S	S46	S4602	申银万国行业分类	休闲服务	酒店	355854317168400	356047082504400	1996687802	10008906	20120321171329
B00219	S	S46	S4603	申银万国行业分类	休闲服务	旅游综合	1390391040055900	1392592936122600	5713876891	10029494	20120321171329
B00221	S	S46	S4604	申银万国行业分类	休闲服务	餐饮	170580363866600	169683019736300	1539629548	9967991	20120321171329
B00223	S	S46	S4605	申银万国行业分类	休闲服务	其他休闲服务	0	0	0	0	20120321171329
B00225	S	S48	S4801	申银万国行业分类	银行	银行	47367034922375200	50586490471285400	1021554597857	9985343	20120321171329
B00227	S	S49	S4901	申银万国行业分类	非银金融	证券	12817280719326300	12780958968471100	92200660454	9995244	20120321171329
B00229	S	S49	S4902	申银万国行业分类	非银金融	保险	10799773302279800	10785151588023000	40412333838	9986461	20120321171329
B00231	S	S49	S4903	申银万国行业分类	非银金融	多元金融	1662401164619200	1647485125071500	15706714751	9913249	20120321171329
B00233	S	S51	S5101	申银万国行业分类	综合	综合	3483174851781600	3480767944662800	25117605722	10009552	20120321171329
B00235	S	S61	S6101	申银万国行业分类	建筑材料	水泥制造	1955030062813500	1959015282243100	18644124866	10026725	20120321171329
B00237	S	S61	S6102	申银万国行业分类	建筑材料	玻璃制造	616880167064900	613781058338000	6765632818	9954191	20120321171329
B00239	S	S61	S6103	申银万国行业分类	建筑材料	其他建材	1808567858109100	1802479329320800	14545092006	9945346	20120321171329
B00243	S	S62	S6201	申银万国行业分类	建筑装饰	房屋建设	2139134060389800	2132900341962800	37106462221	9971529	20120321171329
B00245	S	S62	S6202	申银万国行业分类	建筑装饰	装修装饰	1099618606151800	1089982750929000	7029048742	9925024	20120321171329
B00247	S	S62	S6203	申银万国行业分类	建筑装饰	基础建设	5969034233835300	5923067973516600	62727103749	9924517	20120321171329
B00253	S	S62	S6204	申银万国行业分类	建筑装饰	专业工程	2189297149104200	2177990281312000	30933351338	9946970	20120321171329
B00258	S	S62	S6205	申银万国行业分类	建筑装饰	园林工程	623112737467300	617371460092600	3696507580	9917245	20120321171329
B00260	S	S63	S6301	申银万国行业分类	电气设备	电机	452170264898600	453504698151500	3656237974	10024193	20120321171329
B00262	S	S63	S6302	申银万国行业分类	电气设备	电气自动化设备	2632330943417100	2587611102434800	14915506723	9833256	20120321171329
B00266	S	S63	S6303	申银万国行业分类	电气设备	电源设备	4696099741574500	4638656188830400	44243220307	9887143	20120321171329
B00273	S	S63	S6304	申银万国行业分类	电气设备	高低压设备	4443229076650600	4420554140947800	37422522671	9938958	20120321171329
B00278	S	S64	S6401	申银万国行业分类	机械设备	通用机械	4904922824527800	4847127919126900	34201132079	9886250	20120321171329
B00285	S	S64	S6402	申银万国行业分类	机械设备	专用设备	6740096059249300	6672912411707400	74048950486	9913501	20120321171329
B00295	S	S64	S6403	申银万国行业分类	机械设备	仪器仪表	958269231900300	940859258876500	3549801766	9842484	20120321171329
B00297	S	S64	S6404	申银万国行业分类	机械设备	金属制品	916305100302400	916177764203200	8470102526	10001375	20120321171329
B00299	S	S64	S6405	申银万国行业分类	机械设备	运输设备	2779664407112400	2760138778903200	26084060074	9928218	20120321171329
B00301	S	S65	S6501	申银万国行业分类	国防军工	航天装备	930537304980400	927906023607900	3795294638	9974105	20120321171329
B00303	S	S65	S6502	申银万国行业分类	国防军工	航空装备	2533419080400000	2509824009333200	10064384368	9906976	20120321171329
B00305	S	S65	S6503	申银万国行业分类	国防军工	地面兵装	478129189203800	469522907713400	1813246552	9820000	20120321171329
B00307	S	S65	S6504	申银万国行业分类	国防军工	船舶制造	2005773380067200	1981865973010600	21990657660	9880932	20120321171329
B00309	S	S71	S7101	申银万国行业分类	计算机	计算机设备	4929805150016100	4892357542266100	23016238105	9903377	20120321171329
B00311	S	S71	S7102	申银万国行业分类	计算机	计算机应用	9554262187478000	9448807570361700	37379574181	9905761	20120321171329
B00314	S	S72	S7201	申银万国行业分类	传媒	文化传媒	6005603137526200	5960434974540300	32577488918	9936978	20120321171329
B00319	S	S72	S7202	申银万国行业分类	传媒	营销传播	892744249377700	879213815227900	5209594829	9897095	20120321171329
B00321	S	S72	S7203	申银万国行业分类	传媒	互联网传媒	3749103183512200	3745917881139600	12169510583	9978733	20120321171329
B00325	S	S73	S7301	申银万国行业分类	通信	通信运营	1014438317868100	1016028250758200	21794258937	10017443	20120321171329
B00327	S	S73	S7302	申银万国行业分类	通信	通信设备	5363243166078800	5341544543245900	30334566888	9965448	20120321171329
B00001	S11	S1101	S110101	农林牧渔	种植业	种子生产	0	0	0	0	20120321171432
B00002	S11	S1101	S110102	农林牧渔	种植业	粮食种植	0	0	0	0	20120321171432
B00003	S11	S1101	S110103	农林牧渔	种植业	其他种植业	0	0	0	0	20120321171432
B00005	S11	S1102	S110201	农林牧渔	渔业	海洋捕捞	0	0	0	0	20120321171432
B00006	S11	S1102	S110202	农林牧渔	渔业	水产养殖	0	0	0	0	20120321171432
B00008	S11	S1103	S110301	农林牧渔	林业	林业	0	0	0	0	20120321171432
B00010	S11	S1104	S110401	农林牧渔	饲料	饲料	0	0	0	0	20120321171432
B00012	S11	S1105	S110501	农林牧渔	农产品加工	果蔬加工	0	0	0	0	20120321171432
B00013	S11	S1105	S110502	农林牧渔	农产品加工	粮油加工	0	0	0	0	20120321171432
B00014	S11	S1105	S110504	农林牧渔	农产品加工	其他农产品加工	0	0	0	0	20120321171432
B00016	S11	S1106	S110601	农林牧渔	农业综合	农业综合	0	0	0	0	20120321171432
B00018	S11	S1107	S110701	农林牧渔	畜禽养殖	畜禽养殖	0	0	0	0	20120321171432
B00020	S11	S1108	S110801	农林牧渔	动物保健	动物保健	0	0	0	0	20120321171432
B00022	S21	S2101	S210101	采掘	石油开采	石油开采	0	0	0	0	20120321171432
B00024	S21	S2102	S210201	采掘	煤炭开采	煤炭开采	0	0	0	0	20120321171432
B00025	S21	S2102	S210202	采掘	煤炭开采	焦炭加工	0	0	0	0	20120321171432
B00027	S21	S2103	S210301	采掘	其他采掘	其他采掘	0	0	0	0	20120321171432
B00029	S21	S2104	S210401	采掘	采掘服务	油气钻采服务	0	0	0	0	20120321171432
B00030	S21	S2104	S210402	采掘	采掘服务	其他采掘服务	0	0	0	0	20120321171432
B00032	S22	S2201	S220101	化工	石油化工	石油加工	0	0	0	0	20120321171432
B00033	S22	S2201	S220103	化工	石油化工	石油贸易	0	0	0	0	20120321171432
B00035	S22	S2202	S220201	化工	化学原料	纯碱	0	0	0	0	20120321171432
B00036	S22	S2202	S220202	化工	化学原料	氯碱	0	0	0	0	20120321171432
B00037	S22	S2202	S220203	化工	化学原料	无机盐	0	0	0	0	20120321171432
B00038	S22	S2202	S220204	化工	化学原料	其他化学原料	0	0	0	0	20120321171432
B00040	S22	S2203	S220301	化工	化学制品	氮肥	0	0	0	0	20120321171432
B00041	S22	S2203	S220302	化工	化学制品	磷肥	0	0	0	0	20120321171432
B00042	S22	S2203	S220303	化工	化学制品	农药	0	0	0	0	20120321171432
B00043	S22	S2203	S220304	化工	化学制品	日用化学产品	0	0	0	0	20120321171432
B00044	S22	S2203	S220305	化工	化学制品	涂料油漆油墨制造	0	0	0	0	20120321171432
B00045	S22	S2203	S220306	化工	化学制品	钾肥	0	0	0	0	20120321171432
B00046	S22	S2203	S220307	化工	化学制品	民爆用品	0	0	0	0	20120321171432
B00047	S22	S2203	S220308	化工	化学制品	纺织化学用品	0	0	0	0	20120321171432
B00048	S22	S2203	S220309	化工	化学制品	其他化学制品	0	0	0	0	20120321171432
B00049	S22	S2203	S220310	化工	化学制品	复合肥	0	0	0	0	20120321171432
B00050	S22	S2203	S220311	化工	化学制品	氟化工及制冷剂	0	0	0	0	20120321171432
B00051	S22	S2203	S220312	化工	化学制品	磷化工及磷酸盐	0	0	0	0	20120321171432
B00052	S22	S2203	S220313	化工	化学制品	聚氨酯	0	0	0	0	20120321171432
B00053	S22	S2203	S220314	化工	化学制品	玻纤	0	0	0	0	20120321171432
B00055	S22	S2204	S220401	化工	化学纤维	涤纶	0	0	0	0	20120321171432
B00056	S22	S2204	S220402	化工	化学纤维	维纶	0	0	0	0	20120321171432
B00057	S22	S2204	S220403	化工	化学纤维	粘胶	0	0	0	0	20120321171432
B00058	S22	S2204	S220404	化工	化学纤维	其他纤维	0	0	0	0	20120321171432
B00059	S22	S2204	S220405	化工	化学纤维	氨纶	0	0	0	0	20120321171432
B00061	S22	S2205	S220501	化工	塑料	其他塑料制品	0	0	0	0	20120321171432
B00062	S22	S2205	S220502	化工	塑料	合成革	0	0	0	0	20120321171432
B00063	S22	S2205	S220503	化工	塑料	改性塑料	0	0	0	0	20120321171432
B00065	S22	S2206	S220601	化工	橡胶	轮胎	0	0	0	0	20120321171432
B00066	S22	S2206	S220602	化工	橡胶	其他橡胶制品	0	0	0	0	20120321171432
B00067	S22	S2206	S220603	化工	橡胶	炭黑	0	0	0	0	20120321171432
B00069	S23	S2301	S230101	钢铁	钢铁	普钢	0	0	0	0	20140117171514
B00070	S23	S2301	S230102	钢铁	钢铁	特钢	0	0	0	0	20140117171514
B00072	S24	S2402	S240201	有色金属	金属非金属新材料	金属新材料	0	0	0	0	20120321171432
B00073	S24	S2402	S240202	有色金属	金属非金属新材料	磁性材料	0	0	0	0	20120321171432
B00074	S24	S2402	S240203	有色金属	金属非金属新材料	非金属新材料	0	0	0	0	20120321171432
B00076	S24	S2403	S240301	有色金属	工业金属	铝	0	0	0	0	20120321171432
B00077	S24	S2403	S240302	有色金属	工业金属	铜	0	0	0	0	20120321171432
B00078	S24	S2403	S240303	有色金属	工业金属	铅锌	0	0	0	0	20120321171432
B00080	S24	S2404	S240401	有色金属	黄金	黄金	0	0	0	0	20120321171432
B00082	S24	S2405	S240501	有色金属	稀有金属	稀土	0	0	0	0	20120321171432
B00083	S24	S2405	S240502	有色金属	稀有金属	钨	0	0	0	0	20120321171432
B00084	S24	S2405	S240503	有色金属	稀有金属	锂	0	0	0	0	20120321171432
B00085	S24	S2405	S240504	有色金属	稀有金属	其他稀有小金属	0	0	0	0	20120321171432
B00087	S27	S2701	S270101	电子	半导体	集成电路	0	0	0	0	20120321171432
B00088	S27	S2701	S270102	电子	半导体	分立器件	0	0	0	0	20120321171432
B00089	S27	S2701	S270103	电子	半导体	半导体材料	0	0	0	0	20120321171432
B00091	S27	S2702	S270202	电子	元件	印制电路板	0	0	0	0	20120321171432
B00092	S27	S2702	S270203	电子	元件	被动元件	0	0	0	0	20120321171432
B00094	S27	S2703	S270301	电子	光学光电子	显示器件	0	0	0	0	20120321171432
B00095	S27	S2703	S270302	电子	光学光电子	LED	0	0	0	0	20120321171432
B00096	S27	S2703	S270303	电子	光学光电子	光学元件	0	0	0	0	20120321171432
B00098	S27	S2704	S270401	电子	其他电子	其他电子	0	0	0	0	20120321171432
B00100	S27	S2705	S270501	电子	电子制造	电子系统组装	0	0	0	0	20120321171432
B00101	S27	S2705	S270502	电子	电子制造	电子零部件制造	0	0	0	0	20120321171432
B00103	S28	S2801	S280101	汽车	汽车整车	乘用车	0	0	0	0	20140117171514
B00104	S28	S2801	S280102	汽车	汽车整车	商用载货车	0	0	0	0	20140117171514
B00105	S28	S2801	S280103	汽车	汽车整车	商用载客车	0	0	0	0	20140117171514
B00107	S28	S2802	S280201	汽车	汽车零部件	汽车零部件	0	0	0	0	20140117171514
B00109	S28	S2803	S280301	汽车	汽车服务	汽车服务	0	0	0	0	20140117171514
B00111	S28	S2804	S280401	汽车	其他交运设备	其他交运设备	0	0	0	0	20140117171514
B00113	S33	S3301	S330101	家用电器	白色家电	冰箱	0	0	0	0	20120321171432
B00114	S33	S3301	S330102	家用电器	白色家电	空调	0	0	0	0	20120321171432
B00115	S33	S3301	S330103	家用电器	白色家电	洗衣机	0	0	0	0	20120321171432
B00116	S33	S3301	S330104	家用电器	白色家电	小家电	0	0	0	0	20120321171432
B00117	S33	S3301	S330105	家用电器	白色家电	家电零部件	0	0	0	0	20120321171432
B00119	S33	S3302	S330201	家用电器	视听器材	彩电	0	0	0	0	20120321171432
B00120	S33	S3302	S330202	家用电器	视听器材	其它视听器材	0	0	0	0	20120321171432
B00122	S34	S3403	S340301	食品饮料	饮料制造	白酒	0	0	0	0	20120321171432
B00123	S34	S3403	S340302	食品饮料	饮料制造	啤酒	0	0	0	0	20120321171432
B00124	S34	S3403	S340303	食品饮料	饮料制造	其他酒类	0	0	0	0	20120321171432
B00125	S34	S3403	S340304	食品饮料	饮料制造	软饮料	0	0	0	0	20120321171432
B00126	S34	S3403	S340305	食品饮料	饮料制造	葡萄酒	0	0	0	0	20120321171432
B00127	S34	S3403	S340306	食品饮料	饮料制造	黄酒	0	0	0	0	20120321171432
B00129	S34	S3404	S340401	食品饮料	食品加工	肉制品	0	0	0	0	20120321171432
B00130	S34	S3404	S340402	食品饮料	食品加工	调味发酵品	0	0	0	0	20120321171432
B00131	S34	S3404	S340403	食品饮料	食品加工	乳品	0	0	0	0	20120321171432
B00132	S34	S3404	S340404	食品饮料	食品加工	食品综合	0	0	0	0	20120321171432
B00134	S35	S3501	S350101	纺织服装	纺织制造	毛纺	0	0	0	0	20120321171432
B00135	S35	S3501	S350102	纺织服装	纺织制造	棉纺	0	0	0	0	20120321171432
B00136	S35	S3501	S350103	纺织服装	纺织制造	丝绸	0	0	0	0	20120321171432
B00137	S35	S3501	S350104	纺织服装	纺织制造	印染	0	0	0	0	20120321171432
B00138	S35	S3501	S350105	纺织服装	纺织制造	辅料	0	0	0	0	20120321171432
B00139	S35	S3501	S350106	纺织服装	纺织制造	其他纺织	0	0	0	0	20120321171432
B00141	S35	S3502	S350202	纺织服装	服装家纺	男装	0	0	0	0	20120321171432
B00142	S35	S3502	S350203	纺织服装	服装家纺	女装	0	0	0	0	20120321171432
B00143	S35	S3502	S350204	纺织服装	服装家纺	休闲服装	0	0	0	0	20120321171432
B00144	S35	S3502	S350205	纺织服装	服装家纺	鞋帽	0	0	0	0	20120321171432
B00145	S35	S3502	S350206	纺织服装	服装家纺	家纺	0	0	0	0	20120321171432
B00146	S35	S3502	S350207	纺织服装	服装家纺	其他服装	0	0	0	0	20120321171432
B00148	S36	S3601	S360101	轻工制造	造纸	造纸	0	0	0	0	20120321171432
B00150	S36	S3602	S360201	轻工制造	包装印刷	包装印刷	0	0	0	0	20120321171432
B00152	S36	S3603	S360302	轻工制造	家用轻工	家具	0	0	0	0	20120321171432
B00153	S36	S3603	S360303	轻工制造	家用轻工	其他家用轻工	0	0	0	0	20120321171432
B00154	S36	S3603	S360304	轻工制造	家用轻工	珠宝首饰	0	0	0	0	20120321171432
B00155	S36	S3603	S360305	轻工制造	家用轻工	文娱用品	0	0	0	0	20120321171432
B00157	S36	S3604	S360401	轻工制造	其他轻工制造	其他轻工制造	0	0	0	0	20120321171432
B00159	S37	S3701	S370101	医药生物	化学制药	化学原料药	0	0	0	0	20120321171432
B00160	S37	S3701	S370102	医药生物	化学制药	化学制剂	0	0	0	0	20120321171432
B00162	S37	S3702	S370201	医药生物	中药	中药	0	0	0	0	20120321171432
B00164	S37	S3703	S370301	医药生物	生物制品	生物制品	0	0	0	0	20120321171432
B00166	S37	S3704	S370401	医药生物	医药商业	医药商业	0	0	0	0	20120321171432
B00168	S37	S3705	S370501	医药生物	医疗器械	医疗器械	0	0	0	0	20120321171432
B00170	S37	S3706	S370601	医药生物	医疗服务	医疗服务	0	0	0	0	20120321171432
B00172	S41	S4101	S410101	公用事业	电力	火电	0	0	0	0	20120321171432
B00173	S41	S4101	S410102	公用事业	电力	水电	0	0	0	0	20120321171432
B00174	S41	S4101	S410103	公用事业	电力	燃机发电	0	0	0	0	20120321171432
B00175	S41	S4101	S410104	公用事业	电力	热电	0	0	0	0	20120321171432
B00176	S41	S4101	S410105	公用事业	电力	新能源发电	0	0	0	0	20120321171432
B00178	S41	S4102	S410201	公用事业	水务	水务	0	0	0	0	20120321171432
B00180	S41	S4103	S410301	公用事业	燃气	燃气	0	0	0	0	20120321171432
B00182	S41	S4104	S410401	公用事业	环保工程及服务	环保工程及服务	0	0	0	0	20120321171432
B00184	S42	S4201	S420101	交通运输	港口	港口	0	0	0	0	20120321171432
B00186	S42	S4202	S420201	交通运输	高速公路	高速公路	0	0	0	0	20120321171432
B00188	S42	S4203	S420301	交通运输	公交	公交	0	0	0	0	20120321171432
B00190	S42	S4204	S420401	交通运输	航空运输	航空运输	0	0	0	0	20120321171432
B00192	S42	S4205	S420501	交通运输	机场	机场	0	0	0	0	20120321171432
B00194	S42	S4206	S420601	交通运输	航运	航运	0	0	0	0	20120321171432
B00196	S42	S4207	S420701	交通运输	铁路运输	铁路运输	0	0	0	0	20120321171432
B00198	S42	S4208	S420801	交通运输	物流	物流	0	0	0	0	20120321171432
B00200	S43	S4301	S430101	房地产	房地产开发	房地产开发	0	0	0	0	20120321171432
B00202	S43	S4302	S430201	房地产	园区开发	园区开发	0	0	0	0	20120321171432
B00204	S45	S4502	S450201	商业贸易	贸易	贸易	0	0	0	0	20120321171432
B00206	S45	S4503	S450301	商业贸易	一般零售	百货	0	0	0	0	20120321171432
B00207	S45	S4503	S450302	商业贸易	一般零售	超市	0	0	0	0	20120321171432
B00208	S45	S4503	S450303	商业贸易	一般零售	多业态零售	0	0	0	0	20120321171432
B00210	S45	S4504	S450401	商业贸易	专业零售	专业连锁	0	0	0	0	20120321171432
B00212	S45	S4505	S450501	商业贸易	商业物业经营	一般物业经营	0	0	0	0	20120321171432
B00213	S45	S4505	S450502	商业贸易	商业物业经营	专业市场	0	0	0	0	20120321171432
B00215	S46	S4601	S460101	休闲服务	景点	人工景点	0	0	0	0	20140117171514
B00216	S46	S4601	S460102	休闲服务	景点	自然景点	0	0	0	0	20140117171514
B00218	S46	S4602	S460201	休闲服务	酒店	酒店	0	0	0	0	20140117171514
B00220	S46	S4603	S460301	休闲服务	旅游综合	旅游综合	0	0	0	0	20140117171514
B00222	S46	S4604	S460401	休闲服务	餐饮	餐饮	0	0	0	0	20140117171514
B00224	S46	S4605	S460501	休闲服务	其他休闲服务	其他休闲服务	0	0	0	0	20140117171514
B00226	S48	S4801	S480101	银行	银行	银行	0	0	0	0	20140117171514
B00228	S49	S4901	S490101	非银金融	证券	证券	0	0	0	0	20140117171514
B00230	S49	S4902	S490201	非银金融	保险	保险	0	0	0	0	20140117171514
B00232	S49	S4903	S490301	非银金融	多元金融	多元金融	0	0	0	0	20140117171514
B00234	S51	S5101	S510101	综合	综合	综合	0	0	0	0	20120321171432
B00236	S61	S6101	S610101	建筑材料	水泥制造	水泥制造	0	0	0	0	20140117171515
B00238	S61	S6102	S610201	建筑材料	玻璃制造	玻璃制造	0	0	0	0	20140117171515
B00240	S61	S6103	S610301	建筑材料	其他建材	耐火材料	0	0	0	0	20140117171515
B00241	S61	S6103	S610302	建筑材料	其他建材	管材	0	0	0	0	20140117171515
B00242	S61	S6103	S610303	建筑材料	其他建材	其他建材	0	0	0	0	20140117171515
B00244	S62	S6201	S620101	建筑装饰	房屋建设	房屋建设	0	0	0	0	20140117100228
B00246	S62	S6202	S620201	建筑装饰	装修装饰	装修装饰	0	0	0	0	20140117100228
B00248	S62	S6203	S620301	建筑装饰	基础建设	城轨建设	0	0	0	0	20140117100228
B00249	S62	S6203	S620302	建筑装饰	基础建设	路桥施工	0	0	0	0	20140117100228
B00250	S62	S6203	S620303	建筑装饰	基础建设	水利工程	0	0	0	0	20140117100228
B00251	S62	S6203	S620304	建筑装饰	基础建设	铁路建设	0	0	0	0	20140117100228
B00252	S62	S6203	S620305	建筑装饰	基础建设	其他基础建设	0	0	0	0	20140117100228
B00254	S62	S6204	S620401	建筑装饰	专业工程	钢结构	0	0	0	0	20140117100228
B00255	S62	S6204	S620402	建筑装饰	专业工程	化学工程	0	0	0	0	20140117100228
B00256	S62	S6204	S620403	建筑装饰	专业工程	国际工程承包	0	0	0	0	20140117100228
B00257	S62	S6204	S620404	建筑装饰	专业工程	其他专业工程	0	0	0	0	20140117100228
B00259	S62	S6205	S620501	建筑装饰	园林工程	园林工程	0	0	0	0	20140117100228
B00261	S63	S6301	S630101	电气设备	电机	电机	0	0	0	0	20140117171515
B00263	S63	S6302	S630201	电气设备	电气自动化设备	电网自动化	0	0	0	0	20140117171515
B00264	S63	S6302	S630202	电气设备	电气自动化设备	工控自动化	0	0	0	0	20140117171515
B00265	S63	S6302	S630203	电气设备	电气自动化设备	计量仪表	0	0	0	0	20140117171515
B00267	S63	S6303	S630301	电气设备	电源设备	综合电力设备商	0	0	0	0	20140117171515
B00268	S63	S6303	S630302	电气设备	电源设备	风电设备	0	0	0	0	20140117171515
B00269	S63	S6303	S630303	电气设备	电源设备	光伏设备	0	0	0	0	20140117171515
B00270	S63	S6303	S630304	电气设备	电源设备	火电设备	0	0	0	0	20140117171515
B00271	S63	S6303	S630305	电气设备	电源设备	储能设备	0	0	0	0	20140117171515
B00272	S63	S6303	S630306	电气设备	电源设备	其它电源设备	0	0	0	0	20140117171515
B00274	S63	S6304	S630401	电气设备	高低压设备	高压设备	0	0	0	0	20140117171515
B00275	S63	S6304	S630402	电气设备	高低压设备	中压设备	0	0	0	0	20140117171515
B00276	S63	S6304	S630403	电气设备	高低压设备	低压设备	0	0	0	0	20140117171515
B00277	S63	S6304	S630404	电气设备	高低压设备	线缆部件及其他	0	0	0	0	20140117171515
B00279	S64	S6401	S640101	机械设备	通用机械	机床工具	0	0	0	0	20140117100229
B00280	S64	S6401	S640102	机械设备	通用机械	机械基础件	0	0	0	0	20140117100229
B00281	S64	S6401	S640103	机械设备	通用机械	磨具磨料	0	0	0	0	20140117100229
B00282	S64	S6401	S640104	机械设备	通用机械	内燃机	0	0	0	0	20140117100229
B00283	S64	S6401	S640105	机械设备	通用机械	制冷空调设备	0	0	0	0	20140117100229
B00284	S64	S6401	S640106	机械设备	通用机械	其它通用机械	0	0	0	0	20140117100229
B00286	S64	S6402	S640201	机械设备	专用设备	工程机械	0	0	0	0	20140117100229
B00287	S64	S6402	S640202	机械设备	专用设备	重型机械	0	0	0	0	20140117100229
B00288	S64	S6402	S640203	机械设备	专用设备	冶金矿采化工设备	0	0	0	0	20140117100229
B00289	S64	S6402	S640204	机械设备	专用设备	楼宇设备	0	0	0	0	20140117100229
B00290	S64	S6402	S640205	机械设备	专用设备	环保设备	0	0	0	0	20140117100229
B00291	S64	S6402	S640206	机械设备	专用设备	纺织服装设备	0	0	0	0	20140117100229
B00292	S64	S6402	S640207	机械设备	专用设备	农用机械	0	0	0	0	20140117100229
B00293	S64	S6402	S640208	机械设备	专用设备	印刷包装机械	0	0	0	0	20140117100229
B00294	S64	S6402	S640209	机械设备	专用设备	其它专用机械	0	0	0	0	20140117100229
B00296	S64	S6403	S640301	机械设备	仪器仪表	仪器仪表	0	0	0	0	20140117100229
B00298	S64	S6404	S640401	机械设备	金属制品	金属制品	0	0	0	0	20140117100229
B00300	S64	S6405	S640501	机械设备	运输设备	铁路设备	0	0	0	0	20140117100229
B00302	S65	S6501	S650101	国防军工	航天装备	航天装备	0	0	0	0	20150114151728
B00304	S65	S6502	S650201	国防军工	航空装备	航空装备	0	0	0	0	20150114151728
B00306	S65	S6503	S650301	国防军工	地面兵装	地面兵装	0	0	0	0	20150114151728
B00308	S65	S6504	S650401	国防军工	船舶制造	船舶制造	0	0	0	0	20150114151728
B00310	S71	S7101	S710101	计算机	计算机设备	计算机设备	0	0	0	0	20140117100230
B00312	S71	S7102	S710201	计算机	计算机应用	软件开发	0	0	0	0	20140117100230
B00313	S71	S7102	S710202	计算机	计算机应用	IT服务	0	0	0	0	20140117100230
B00315	S72	S7201	S720101	传媒	文化传媒	平面媒体	0	0	0	0	20140117171514
B00316	S72	S7201	S720102	传媒	文化传媒	影视动漫	0	0	0	0	20140117171514
B00317	S72	S7201	S720103	传媒	文化传媒	有线电视网络	0	0	0	0	20140117171514
B00318	S72	S7201	S720104	传媒	文化传媒	其他文化传媒	0	0	0	0	20140117171514
B00320	S72	S7202	S720201	传媒	营销传播	营销服务	0	0	0	0	20140117171514
B00322	S72	S7203	S720301	传媒	互联网传媒	互联网信息服务	0	0	0	0	20140117171514
B00323	S72	S7203	S720302	传媒	互联网传媒	移动互联网服务	0	0	0	0	20140117171514
B00324	S72	S7203	S720303	传媒	互联网传媒	其他互联网服务	0	0	0	0	20140117171514
B00326	S73	S7301	S730101	通信	通信运营	通信运营	0	0	0	0	20140117171514
B00328	S73	S7302	S730201	通信	通信设备	终端设备	0	0	0	0	20140117171514
B00329	S73	S7302	S730202	通信	通信设备	通信传输设备	0	0	0	0	20140117171514
B00330	S73	S7302	S730203	通信	通信设备	通信配套服务	0	0	0	0	20140117171514
